SET SQL_SAFE_UPDATES = 0;
INSERT INTO `training_centers` VALUES (1, 'Sofia Learning', NULL, 'http://sofialearning.org'), (2, 'Varna Innovations & Learning', 'Innovative training center, located in Varna. Provides trainings in software development and foreign languages', 'http://vil.edu'), (3, 'Plovdiv Trainings & Inspiration', NULL, NULL),
(4, 'Sofia West Adult Trainings', 'The best training center in Lyulin', 'https://sofiawest.bg'), (5, 'Software Trainings Ltd.', NULL, 'http://softtrain.eu'),
(6, 'Polyglot Language School', 'English, French, Spanish and Russian language courses', NULL), (7, 'Modern Dances Academy', 'Learn how to dance!', 'http://danceacademy.bg');

INSERT INTO `courses` VALUES (101, 'Java Basics', 'Learn more at https://softuni.bg/courses/java-basics/'), (102, 'English for beginners', '3-month English course'), (103, 'Salsa: First Steps', NULL), (104, 'Avancée Français', 'French language: Level III'), (105, 'HTML & CSS', NULL), (106, 'Databases', 'Introductionary course in databases, SQL, MySQL, SQL Server and MongoDB'), (107, 'C# Programming', 'Intro C# corse for beginners'), (108, 'Tango dances', NULL), (109, 'Spanish, Level II', 'Aprender Español');

INSERT INTO `courses_timetable`(course_id, training_center_id, start_date) VALUES (101, 1, '2015-01-31'), (101, 5, '2015-02-28'), (102, 6, '2015-01-21'), (102, 4, '2015-01-07'), (102, 2, '2015-02-14'), (102, 1, '2015-03-05'), (102, 3, '2015-03-01'), (103, 7, '2015-02-25'), (103, 3, '2015-02-19'), (104, 5, '2015-01-07'), (104, 1, '2015-03-30'), (104, 3, '2015-04-01'), (105, 5, '2015-01-25'), (105, 4, '2015-03-23'), (105, 3, '2015-04-17'), (105, 2, '2015-03-19'), (106, 5, '2015-02-26'), (107, 2, '2015-02-20'), (107, 1, '2015-01-20'), (107, 3, '2015-03-01'), (109, 6, '2015-01-13');

UPDATE `courses_timetable` t JOIN `courses` c ON t.course_id = c.id
SET t.start_date = DATE_SUB(t.start_date, INTERVAL 7 DAY)
WHERE c.name REGEXP '^[a-j]{1,5}.*s$';